name,teams,teams_cnt,tournaments,countries,finals,first places,spirit of the game,MVP,tournaments organized
Valeria Besedina,['Питер Старс'],1,12,2,5,2,2,1,
Albina Gabitova,['Шерлар'],1,16,2,2,1,4,,1
Salma Hayek,[],0,1,,,,,,
Roma Litovchenko,[],0,2,,,,,,
Vova Matsal,['Шерлар'],1,7,,1,,2,,
Andrey Melnikov,[],0,7,,1,1,1,,1
Vladimir Mozokhin,[],0,7,,1,1,1,,
Vello Nael,[],0,,,,,,,
Kler Nkodia,[],0,2,,1,,,,
Senya Polenok,['ФинУниверситет'],1,21,,3,2,1,2,
Roman Resh,[],0,3,,,,1,,
Bohdan Shestopal,[],0,8,2,1,1,,,
Serega Smetanin,['Сани'],1,3,,,,,,
Piotr Szauderna,[],0,,,,,,,
Neil Thomas,['Вышка'],1,1,,1,,,,
Masha Titenko,['Full Stack'],1,8,,2,1,,,
Kristina Togobetskaia,['КАССΣОПΣЯ'],1,21,,1,1,3,,3
СВОБОДА ULTIMATE,[],0,,,,,,,
Сергей Абдурашидов,['Нова'],1,92,7,36,19,11,1,11
Яна Абрамова,"['СПбГУКИ', 'АтомСвифт']",2,28,,1,1,,,
Александр Авербух,['НГТУ'],1,6,,,,,,
Кира Адиаутулина,"['МПГУ', 'Саус Вест']",2,27,4,7,5,3,,
Павел Ажель,"['Good Vibes', 'Бивни', 'Ми энд Май Манки']",3,14,2,2,1,2,,
Руслан Акбашев,"['Рампейдж', 'Долгорукие', 'Вышка']",3,48,5,7,2,4,,
Евгений Акимов,['Сборная ВлГУ'],1,4,,,,,,
Лиза Акимушкина,[],0,37,,4,1,2,,7
Юлия Акрамова,"['Феникс', 'Космик Гелз', 'ЮПитер']",3,132,15,61,40,25,10,
Денис Аксёненко,[],0,9,,,,1,,
Александр Акшенцев,['Катюша'],1,5,,1,1,1,,
Михаил Алдохин,['G&C'],1,3,,,,,,
Анастасия Алексеева,['SQUEEZY'],1,12,,1,,2,,
Ксения Алексеева,['Фреза'],1,18,,2,1,3,,2
Александр Алымов,"['Звезда', 'К175']",2,39,3,5,3,1,,
Камаль Аль-Мохамед,['Юнион'],1,26,2,4,2,1,1,
Денис Андреев,['ОксиДискО'],1,88,14,27,12,7,5,
Николай Андреев,['Йошкин кэтс'],1,52,,2,1,13,,1
Данил Андронов,[],0,2,,1,1,,,
Александр Анисимов,"['Тени', 'Сокол', 'Флаинг Степс']",3,84,8,34,15,9,2,
Анатолий Анищенко,['ИТМО'],1,5,,3,2,1,,
Софья Антипина,['СПбГУ'],1,5,,1,,,,
Алексей Антипов,['ЮПитер'],1,20,,3,3,,,
Кирилл Антонов,['ОксиДискО'],1,108,17,37,17,11,,
Пиппо Антонов,['ЮПитер'],1,32,7,9,6,,2,
Арина Апетян,"['Элвис Пресли', 'СПбГУ']",2,54,4,10,7,5,1,3
Нина Аркалова,['FireDogs'],1,5,,,,,,1
Игорь Арсеньев,"['Авангард', 'Нижний Новгород', 'Вышка']",3,94,7,37,19,7,3,
Игорь Артёменко,['МГТУ им. Баумана'],1,13,,2,2,1,,
Валерий Архаров,"['Ми энд Май Манки', 'Шерлар']",2,10,,1,,1,,
Екатерина Архипова,['Шерлар'],1,10,,2,,1,,1
Евгений Асанов,['Фри Флай'],1,10,,5,3,2,,
Элтон Асланов,"['СПбГУ', 'Флаинг Степс']",2,10,,2,1,1,,
Михаил Астахов,"['СПбГПМУ', 'Юниорская сборная России ОД']",2,18,2,2,,1,1,
Елена Астахова,[],0,104,4,15,6,24,4,
Владимир Аулов,['Фри Флай'],1,38,,20,12,4,1,2
Элина Ахметова,['Уфимский Фрисби Клуб'],1,5,,,,,,
Даниил Ахременков,"['МГУ', 'РеалФайв']",2,21,,11,6,3,3,
Николай Бабенков,"['Мустанги', 'РеалФайв', 'Интим']",3,87,9,39,29,6,3,
Арина Бабкина,[],0,8,,3,1,2,,
Максим Бавин,['Вышка'],1,7,,1,,,,
Денис Багров,['Сокол'],1,20,,9,5,,,
Екатерина Бадягина,['Лемон Грасс'],1,59,13,25,12,10,2,
Даня Баженов,"['Ми энд Май Манки', 'Смельчаки', 'Биозон']",3,19,,3,2,2,,
Вероника Баженова,['Смельчаки'],1,15,,3,2,1,1,
Илья Бажов,['ЧелOut'],1,30,,5,3,2,,
Андрей Базлов,"['Владимир', 'Гирс-Юнайтед']",2,65,,2,,4,1,17
Игорь Байков,['Новгородские медведи'],1,12,,1,,,,
Константин Бакан,"['Нон Стоп', 'Easy Frisbee Team']",2,7,,1,,,1,
Евгений Балагуров,[],0,15,,1,1,,,
Инна Балыгина,['Чили'],1,6,2,,,,,
Екатерина Барабанова,"['Бивни', 'Бриллианс', 'Бивни']",3,166,15,24,9,15,,3
Владимир Баранов,['Бивни'],1,11,,5,2,5,,
Максим Баранов,[],0,1,,,,,,
Илья Барк,[],0,5,,2,,,,2
Ольга Барсукова,['Саус Вест'],1,129,16,38,20,11,4,
Евгений Бархатов,['Белки'],1,32,,8,4,2,,1
Артем Баскаков,"['Нижний Новгород', 'НГТУ', 'Авангард']",3,65,2,16,6,7,,6
Александр Басов,"['Вышка', 'Ми энд Май Манки']",2,47,3,9,2,6,,
Владислав Басов,"['Вышка', 'Ми энд Май Манки']",2,47,14,13,6,2,,
Константин Басос,['ЮПитер'],1,71,15,27,16,10,1,
Александр Басун,['Новгородские медведи'],1,22,2,3,1,1,,
Максим Батинок,['Фри Флай'],1,17,,8,3,1,,
Наталья Батяйкина,['Дикi Кралi'],1,75,16,35,21,20,2,
Денис Бахталовский,['МГТУ им. Баумана'],1,8,,2,1,,,
Melina Bacher,"['Flying Angels Bern', 'Вышка', 'СорриБро']",3,28,10,6,1,4,,
Татьяна Башкова,['СПбГПМУ'],1,3,,,,1,,
Антон Бевза,['Нижний Новгород'],1,53,3,17,7,5,1,
Николай Бегои,"['ЯГМУ', 'СПбГПМУ', 'Сани']",3,42,,5,3,4,,9
Эмиль Бедретдинов,"['Ми энд Май Манки', 'Лузерс']",2,66,4,9,1,7,,
Евгений Безбабный,"['Сокол', 'Бивни', 'Дружина']",3,51,8,14,5,10,1,
Александр Безъязыков,['Самарские Рыси'],1,28,,8,6,4,2,
Руслан Бекиров,['Долгорукие'],1,19,,5,4,,,
Николай Белозеров,['Fusion'],1,33,10,5,3,1,,
Владимир Белоус,['Стрижи'],1,24,,9,3,6,,3
Виктор Беляевский,[],0,2,,,,,,
Ирина Бендер (Симакова),[],0,18,,,,3,,
Сергей Березин,['Владимир'],1,45,2,1,1,4,,
Сергей Беркут,"['Сборная ВлГУ', 'Владимир']",2,8,,,,,,2
Филипп Берняков,"['Шерлар', 'Мустанги', 'РеалФайв']",3,50,5,14,8,6,2,
Богдан Беседа,['МПУ'],1,4,,,,,,
Константин Беспалов,['Нон Стоп'],1,5,,2,2,,,
Сергей Бессонов,['Самарские Рыси'],1,23,,6,4,5,1,
Олег Бесценный,"['Флаинг Степс', 'Hucks', 'ОксиДискО']",3,153,16,19,7,1,,
Александр Битанов,['Самарские Рыси'],1,16,,2,2,2,,
Екатерина Блажко,['Белки'],1,62,7,6,1,15,1,
Екатерина Бобкова,[],0,5,,,,1,,
Dmitry Bogdanov,['Сокол'],1,89,11,42,27,4,,2
Мария Богданова,['Сани'],1,13,,,,,,
Александр Богословский,"['Вышка', 'Рампейдж']",2,36,,5,2,3,1,4
Антон Бойченко,['ЮПитер'],1,141,8,21,9,7,,5
Владислав Бойченко,"['Долгорукие', 'Вышка']",2,46,,8,1,2,,
Илья Большаков,['Биозон'],1,8,,,,2,,
Анна Бондарь,['СПбГУ'],1,7,,4,1,1,,
Николай Бондарь,"['Ми энд Май Манки', 'МГУ', 'Pu’er tea’M']",3,52,4,15,7,6,,
Ксения Борисевич,"['Куба', 'Алтимат Альянс']",2,19,,4,,4,,
Екатерина Борисова,"['Сборная ВлГУ', 'Гирс-Юнайтед']",2,17,,1,,,,
Алекс Боровков,"['Лигры', 'Долгорукие']",2,33,,3,1,3,,
Михаил Боровский,['МГУ'],1,5,,1,1,,,
Евгений Бородин,['Самарские Рыси'],1,7,2,1,,,,
Константин Бородич,[],0,10,,3,1,4,,
Максим Боткин,['АтомСвифт'],1,3,,,,,,
Артём Бочкарёв,"['Сборная ВлГУ', 'Гирс-Юнайтед']",2,18,2,2,1,2,,
Александр Братусь,['Нова'],1,24,5,6,3,2,,4
Иван Бритов,"['Сборная ВлГУ', 'Гирс-Юнайтед']",2,73,2,5,1,10,1,
Александр Буданов,['РэгДолл'],1,15,,1,,,,
Павел Будник,[],0,125,16,30,17,20,4,2
Роман Бузовари,[],0,2,2,,,,,
Антон Букашкин,['ФинУниверситет'],1,9,,,,1,,
Владислав Букилин,['Сборная ВлГУ'],1,15,2,1,,2,,
Станислав Бураев,['Катюша'],1,26,,3,1,2,,
Илья Буров,['Овод'],1,1,,,,,,
Максим Буряк,['Фри Флай'],1,21,,14,10,3,1,
Сергей Буряк,['Стрижи'],1,5,,,,,,
Анастасия Бутина,['Чили'],1,58,4,5,1,5,,
Алексей Бучнев,[],0,13,,2,2,3,,
Юля Буш,['Лемон Грасс'],1,39,,10,6,5,,
Полина Быкова,['Lightning Fast'],1,3,,1,,,,
Александра Быковская,"['Зорачкi', 'Шестое Солнце', 'Текила']",3,75,8,16,8,11,4,
Егор Быченок,['Good Vibes'],1,22,4,4,4,2,1,
Таня Бычкова,"['Брайт Вейв', 'РГГУ']",2,45,3,2,,6,5,
Михаил Варламов,"['Московские Фламингос', 'ОксиДискО']",2,7,,,,,,
Алина Василенко,['Рыбки'],1,2,,,,2,,
Александр Васильев,"['Фря Крю', 'Ми энд Май Манки', 'Лаки Грасс']",3,79,4,8,4,6,,
Александр Васильев,['Калуга'],1,5,,,,,,
Ольга Васильева,['Питер Старс'],1,14,,3,,1,,1
Полина Васильева,['Майс'],1,11,,,,1,,
Дмитрий Васин,['Хаски ГЛУ'],1,6,,,,,,
Алёна Вдовченко,"['СПбГУ', 'Элвис Пресли']",2,28,,7,4,4,,
Анна Вербицкая,"['Скай Про', 'Чили']",2,41,5,4,2,5,,
Анатолий Верещагин,"['ЮПитер', 'СПбГУ']",2,31,2,6,3,1,1,
Денис Верещагин,['Флаундерс'],1,14,,1,1,,,
Алёна Верчук,[],0,31,3,6,3,4,,
Нико Веселков,['Флаундерс'],1,2,,,,,,
Алексей Вечтомов,[],0,6,,,,1,,
Илья Викторов,"['Сборная ВлГУ', 'Гирс-Юнайтед']",2,70,,4,1,11,4,
Андрей Вилков,"['Сборная ВлГУ', 'Гирс-Юнайтед']",2,52,,3,,6,1,
Александр Виноградов,"['Ми энд Май Манки', 'МГУ']",2,37,2,5,4,4,,
Макс Виноградов,['Юнион'],1,4,,1,1,,,
Лиза Виценко,[],0,19,2,3,1,1,,1
Илья Вишницкий,"['Лаки Грасс', 'МГТУ им. Баумана', 'Лузерс']",3,101,13,23,12,19,1,
Давид Владимиров,['Мустанги'],1,9,,5,2,2,,
Диана Владыкина,['Фреза'],1,7,,2,1,1,,
Игорь Власов,['СПбГУ'],1,25,,3,1,2,,
Анастасия Власова,['Сборная ВлГУ'],1,18,,1,,3,,3
Павел Воинов,['Фри Флай'],1,17,,11,9,2,,
Юрий Войтенко,['Вышка'],1,43,,12,4,5,,
Юрий Волков,['Новгородские медведи'],1,37,3,6,2,3,,
Сергей Волохин,['Вышка'],1,20,,2,1,1,,1
Илья Воробьев,['Volga River'],1,19,,1,,1,1,3
Николай Воробьев,[],0,5,,,,1,,
Дарья Воробьева,['SQUEEZY'],1,1,,,,,,
Андрей Воронов,['ЮПитер'],1,32,5,3,2,,,
Тимофей Воронов,"['Рыбки', 'Т.А.К.']",2,5,,2,1,2,,
Ольга Воронцова,"['ПандаБанда', 'Алтимат Альянс']",2,95,4,19,10,15,4,
Диана Вотякова,['Самарские Рыси'],1,5,,1,,1,,
Galina Voyushina,['Овод'],1,37,3,12,9,1,1,
Кристина Высоцкая,['Чили'],1,17,,3,2,3,,
Роман Габрукевич,"['Фри Флай', 'ЮПитер', 'СПбГУ']",3,46,5,21,14,3,9,
Тимофей Гаврилов,[],0,1,,,,,,
Богдан Гай,['Магура'],1,33,2,13,10,,3,
Марат Галиев,['Самарские Рыси'],1,4,,1,,1,,
Виктор Гарбер,[],0,57,4,7,2,2,,
Руслан Гасанов,['Биозон'],1,35,,7,5,6,,
Борис Герн,"['МГТУ им. Баумана', 'Рампейдж', 'Долгорукие']",3,125,11,26,16,9,,
Иван Гигин,[],0,4,,2,2,,,
Ришат Гильманов,"['Ми энд Май Манки', 'Вышка']",2,78,3,17,5,5,3,
Тимур Гильманов,"['МГТУ им. Баумана', 'Ми энд Май Манки']",2,57,2,5,3,3,,1
Маргарита Гилязова,['Лемон Грасс'],1,28,2,4,,2,,
Владимир Главатских,['FireDogs'],1,22,2,5,3,6,1,
Виктория Гладкая (Бутковская),"['Ре:микс', 'Мэдкэпс']",2,12,2,4,1,2,,
Даниил Гладкий,['Мэдкэпс'],1,61,4,7,3,2,1,
Алексей Глазков,['Самарские Рыси'],1,11,,2,2,1,,
Александр Глисков,"['ЮПитер', 'СПбГУ']",2,46,5,10,5,3,1,
Сергей Глубоков,['Скай Про'],1,11,2,1,,1,2,
Борис Гойхман,"['MIPT', 'Сони Патан']",2,20,,1,,3,,
Виктория Голик,['ИТМО'],1,,,,,,,
Илья Голоенко,['Good Vibes'],1,15,2,4,3,1,,
Сергей Голосов,['МГТУ им. Баумана'],1,47,,4,3,5,,
Ирина Голосова,[],0,47,4,7,3,8,1,1
Евгений Голубев,['МГТУ им. Баумана'],1,19,,3,3,2,,1
Кирилл Голышков,['МГТУ им. Баумана'],1,34,,11,5,1,,
Александр Горбач,"['Спинин', 'Шахтер']",2,9,,2,1,2,,
Анна Горева,"['Катюша', 'Элвис Пресли', 'СПбГУ']",3,44,3,16,9,4,1,
Игорь Горин,['MIPT'],1,12,,,,2,,
Сергей Горленко,['Fusion'],1,11,,,,2,,
Милана Горлова,"['Бриллианс', 'МГТУ им. Баумана', 'СорриБро']",3,45,2,18,13,6,,
Алена Грачева,"['MIPT', 'Лемон Грасс']",2,11,,,,1,,1
Валерия Грачёва,"['Брайт Вейв', 'РГГУ']",2,15,,,,,,
Анастасия Гречухина,['Сани'],1,8,,1,1,1,,1
Григорий Гриб,['Катюша'],1,30,,14,10,4,,
Анна Грибкова,['МГУ'],1,44,3,6,2,1,1,
Илья Григоркевич,"['ЧелOut', 'Freedom', 'Челябинск']",3,13,,3,2,,,
Сардана Григорьева,['ИТМО'],1,8,,2,1,1,,
Наталья Гришина,['Сборная ВлГУ'],1,7,,1,1,2,,
Владимир Громов,['Позитрон'],1,73,2,10,8,4,1,
Лука Грубин,[],0,30,,6,2,3,,
Владислав Грудовик,['Феникс'],1,3,,1,1,1,,
Полина Губанова,"['МГТУ им. Баумана', 'Бриллианс', 'СорриБро']",3,106,13,38,22,12,5,1
Роман Губин,['ЮПитер'],1,76,3,22,16,1,6,
Никита Гугин,"['СПбГУ', 'Флаинг Степс']",2,26,,5,3,1,,
Johnny Goode,"['РэгДолл', 'Бивни']",2,11,,2,1,1,,
Елена Гудкова,[],0,12,,3,2,3,,
Станислав Гуров,['Позитрон'],1,72,,6,4,4,,2
Ирина Гурова,"['Позитрон', 'ГУ «Дубна»']",2,26,,1,1,2,,
Арсений Гусев,['Сокол'],1,25,4,5,2,1,,
Вячеслав Гусев,['Норд Паззл'],1,1,,,,,,
Регина Гусейнова,['Самарские Рыси'],1,12,,4,2,1,,
Эдуард Гущин,"['Незванные Ghosti', 'Биозон']",2,43,2,7,3,4,,
Артем Давыдов,"['Тени', 'СПбПУ']",2,95,8,19,10,3,,
Артём Давыдов,"['ЮПитер', 'Скай Про', 'Флаинг Степс']",3,60,,3,2,3,,
Екатерина Данилова,['Easy Frisbee Team'],1,17,2,7,4,4,1,
Кирилл Дегтярёв,['ФинУниверситет'],1,21,,1,1,2,1,
Алексей Демин,[],0,9,,1,,3,,
Сергей Демин,"['Вышка', 'Ми энд Май Манки']",2,33,,8,3,3,,1
Ярослав Денисов,['Вышка'],1,3,,1,1,,,
Владимир Дерябкин,[],0,6,,2,1,1,,
Сергей Дзан,['Вышка'],1,12,,1,,,,
Александр Дзибий,['Импульс'],1,9,,4,,1,,
Андрей Дзю,['МГТУ им. Баумана'],1,13,,,,1,,
Александр Дзюндзя,['Спэйс Джэм'],1,29,,9,4,5,2,
Леонид Дивисенко,"['Мустанги', 'РеалФайв']",2,84,5,33,20,3,3,
Денис Дмитриев,['Т.А.К.'],1,1,,1,1,,,
Павел Дмитриев,"['ОксиДискО', 'СПбПУ', 'ФТШ']",3,86,16,14,5,5,,
Дмитрий Добровицкий,"['ИТМО', 'Тени']",2,30,4,5,3,3,,
Антон Довгаль,['Новгородские медведи'],1,7,,2,1,1,,
Анастасия Доленко,['КАССΣОПΣЯ'],1,,,,,,,
Илья Донгузов,['Позитрон'],1,7,,1,1,,,
Алёна Донерстак,['Космик Гелз'],1,41,2,21,14,10,4,
Сергей Доронин,"['Нижний Новгород', 'НГТУ']",2,68,,19,9,12,1,
Анастасия Дорошенко,['СПбГУКИ'],1,49,2,12,8,4,,
Анна Дощенко,['ИТМО'],1,14,,4,,3,,
Люция Дроздова,"['Бэтс', 'Guess Who', 'FireDogs']",3,40,3,10,5,5,5,5
Игорь Дружков,['Спектр'],1,6,,1,,,,
Дмитрий Дубильт,['Ми энд Май Манки'],1,133,7,15,8,5,3,
Юрий Дубинин,['Старт'],1,32,2,8,7,3,8,
Денис Дубовик,['Сборная Бикини-Боттом'],1,7,2,3,,1,,
Екатерина Дубоделова,[],0,33,8,12,5,6,3,
Антон Дудась,['Старт'],1,21,,5,3,1,,
Иван Дудась,['Старт'],1,19,,2,2,1,1,3
Сергей Дурасов,[],0,70,6,10,4,5,3,
Мария Евсина,[],0,26,2,5,3,5,,
Владислав Егоров,['Импульс'],1,21,2,4,1,3,2,1
Анастасия Егорова,"['Сборная ВлГУ', 'Гирс-Юнайтед']",2,15,,1,,1,,1
Звонарева Елизавета,"['Брайт Вейв', 'Бриллианс']",2,39,2,2,1,2,1,
Олеся Елфимова,[],0,65,8,19,5,11,1,
Мария Еремеева,['Элвис Пресли'],1,9,2,4,3,,,
Алексей Еременков,"['Долгорукие', 'МГТУ им. Баумана']",2,31,6,4,2,1,,
Вова Ерофеев,['Смельчаки'],1,8,,1,1,,,
Дмитрий Есионов,['Старт'],1,7,,3,3,,,
Никита Жариков,['Лаки Грасс'],1,23,2,3,2,2,,
Денис Жарков,['Импульс'],1,47,4,12,5,7,6,
Анастасия Жданова,['Белки'],1,29,3,2,1,11,,
Алексей Жебель,"['ЮПитер', 'Флаинг Степс']",2,154,11,33,20,5,,
Семён Жуков,['Фри Флай'],1,14,,5,2,,,
Юрий Заварин,['Спэйс Джэм'],1,74,3,21,11,10,3,
Евгения Заварина,['Спэйс Джэм'],1,38,3,13,5,3,2,
Яна Завьялова,"['Саус Вест', 'Юниорская сборная России ЖД', 'Вышка']",3,75,3,20,8,10,1,
Виталий Загорский,"['Фреш', 'Лаки Грасс']",2,89,14,20,12,8,,
Павел Зайцев,['Хаски ГЛУ'],1,9,,,,,,
Яня Зайченко,['Шестое Солнце'],1,18,7,1,,2,,
Сергей Закладной,['Рампейдж'],1,109,14,29,17,11,,1
Анна Занегина,[],0,17,,,,1,,
Анастасия Зарудная,['Вышка'],1,38,,9,4,5,,
Сергей Захаров,['Вышка'],1,1,,,,,,
Вячеслав Здравомыслов,['НовГУ'],1,18,,4,,,,5
Александр Зеленев,['Нижний Новгород'],1,107,4,28,11,12,,1
Владислав Зеленяк,['Good Vibes'],1,24,4,4,1,1,,
Marina Z,['Дикi Кралi'],1,53,8,18,12,6,2,
Никита Зетилов,"['Ми энд Май Манки', 'Stockholm Syndromes']",2,103,10,20,4,7,4,
Илона Зибарева,['Старт'],1,13,,2,,1,2,
Илья Зинкеев,[],0,3,,,,,,
Михаил Зинчук,['Тени'],1,106,8,19,8,4,1,
Анна Золотарева,['СПбГУКИ'],1,33,2,6,4,,2,
Александр Зоткин,['Юнион'],1,2,,,,,,
Алексей Зубец,['Шерлар'],1,29,3,5,1,6,2,
Дмитрий Ибрагимов,['ИТМО'],1,13,,1,,,,
Инга Ивакина,['Бриллианс'],1,105,20,50,24,13,,6
Валерий Иванов,['Тени'],1,101,9,31,14,2,1,
Владимир Иванов,['РеалФайв'],1,83,9,51,31,16,1,
Дмитрий Иванов,['Новгородские медведи'],1,48,7,10,3,4,,
Иван Иванов,['Шерлар'],1,2,,,,,,
Илья Иванов,['МГТУ им. Баумана'],1,2,,,,1,,
Руслан Иванов,['Нова'],1,13,5,3,2,1,,
Александр Ивкин,['ЮПитер'],1,18,4,3,2,,,
Влад Игинбеков,[],0,25,,8,5,5,,
Роман Ильговский,['Вышка'],1,6,,2,,1,,
Михаил Ильин,"['Lightning Fast', 'РеалФайв']",2,17,,6,3,2,,
Екатерина Ильина,['Юнион'],1,21,,2,2,,,1
Виталий Ильиных,['Easy Frisbee Team'],1,3,,1,,,,
Карина Ильницкая,['Фоксес'],1,2,,,,,,
Григорий Ильяшенко,['Вышка'],1,12,,1,1,1,,
Рашид Иманов,"['Скай Про', 'Флаинг Степс']",2,34,4,1,,1,1,
Дмитрий Иноземцев,['Вышка'],1,28,,7,,2,,
Степанн Иноземцев,['Хаски ГЛУ'],1,,,,,,,
Алексей Ионкин,['Лаки Грасс'],1,39,5,2,1,2,,
Максим Исаенков,"['MIPT', 'РеалФайв']",2,57,2,10,4,6,2,1
Марина Исакичева,"['Бивни', 'Банши', 'НГТУ']",3,62,3,12,4,8,1,
Алёна Исакова,['Рыбки'],1,1,,,,1,,
Юлия Искандарова,['Питер Старс'],1,12,,,,,,
Nik Its,[],0,,,,,,,
Ксения Казакова,['Саус Вест'],1,33,4,10,9,6,,
Илья Календарев,"['Флаинг Степс', 'Тени']",2,11,2,,,1,,
Антон Калеников,['Дружина'],1,118,,18,9,19,,3
Сергей Калеников,"['Сани', 'Сочи', 'ПИПЛы']",3,80,2,5,1,3,,14
Никита Калинин,['ИТМО'],1,15,,1,1,2,,
Станислав Калтышкин,['Озон'],1,9,,1,,,,
Александр Калугин,['Ми энд Май Манки'],1,84,10,10,3,8,,
Сергей Калугин,['Marių Meškos'],1,43,8,3,1,8,,
Олеся Калугина,[],0,2,,,,1,,
Дмитрий Камашев,['FireDogs'],1,13,,3,,3,,4
Никита Каменский,[],0,69,,10,8,3,3,9
Сергей Канарейкин,['Спэйс Джэм'],1,11,,5,4,1,,
Александр Капрал,['К175'],1,18,2,4,2,2,,
Мария Капридова,['ИТМО'],1,1,,,,,,
Александр Карпов,"['Вышка', 'Ми энд Май Манки']",2,43,2,10,2,5,1,
Евгений Карс,['Lynxes'],1,12,2,2,,1,,
Александра Катрич,['Дикi Кралi'],1,14,5,3,,3,,
Никита Качалин,['КАССΣОПΣЯ'],1,1,,,,,,
Владимир Качанов,['Флаундерс'],1,30,,3,2,,1,
Алексей Качур,['Стрижи'],1,17,,6,4,1,,
Дмитрий Кашапов,['Рокетс'],1,53,,13,3,5,,
Антон Кашин,"['Сокол', 'Вышка']",2,95,3,17,7,3,,
Владимир Квашин,['Лаки Грасс'],1,10,,,,1,,
Павел Кельцев,"['Озон', 'Стрижи', 'Рампейдж']",3,31,6,8,2,3,,
Андрей Кий,"['Рампейдж', 'МГТУ им. Баумана']",2,56,10,7,4,2,,
Александр Кильб,[],0,,,,,,,
Илья Киндерский,['Старт'],1,13,,3,3,,,
Сергей Кинчеев,['Фри Флай'],1,5,,,,,,
Илья Киреев,"['ЮПитер', 'Новгородские медведи', 'ОксиДискО']",3,21,2,5,3,2,,
Александр Кириллов,['Дружина'],1,59,2,11,7,16,1,1
Валерия Кириллова,"['Лемон Грасс', 'Бивни']",2,29,,4,1,4,1,
Женя Киримлиди,['Саус Вест'],1,61,5,19,12,8,,
Дмитрий Киричков,"['Гирс-Юнайтед', 'Сборная ВлГУ']",2,53,,5,1,5,,9
Елизавета Киркинова,['Самарские Рыси'],1,2,,1,1,,,
Анна Кирчева,[],0,9,,2,2,,,
Денис Киселев,"['Сани', 'Спектр']",2,41,,7,1,1,,
Татьяна Кисиева,['Биозон'],1,43,2,6,4,10,,2
Павел Кислицын,"['МГТУ им. Баумана', 'Ми энд Май Манки']",2,116,11,18,9,5,1,
Станислав Клецкий,"['x3', 'Аврора', 'ЮПитер']",3,105,12,30,16,7,1,
Константин Клецын,"['ОксиДискО', 'ИТМО']",2,21,2,7,3,4,,
Никита Клочков,['МГТУ им. Баумана'],1,22,,2,,2,,
Екатерина Кобелева,['СПбГУ'],1,28,,3,1,3,1,1
Евгения Коблова,[],0,30,,13,4,5,,
Павел Ковалев,"['РэгДолл', 'Нижний Новгород', 'НГТУ']",3,27,,7,2,2,,
Виктория Ковалева,['Саус Вест'],1,31,,10,5,3,,2
Артём Коваленко,[],0,1,,1,1,,,
Виталий Ковальчук,['Феникс'],1,59,6,10,4,6,1,
Никита Ковшов,"['Сокол', 'Нарвал']",2,97,17,15,6,7,1,
Любовь Кожанова,['Дружина'],1,29,,6,3,5,1,
Андрей Кожин,['Нижний Новгород'],1,65,2,10,6,7,,
Григорий Козинов,['Вышка'],1,21,,5,,2,1,
Вадим Козлов,['Тени'],1,7,2,,,,,
Владимир Козлов,['СПбГПМУ'],1,42,2,4,1,3,,
Михаил Козлов,[],0,,,,,,,
Никита Козлов,[],0,1,,1,,,,
Анна Козлова,['Элвис Пресли'],1,80,6,28,15,6,1,
Жанна Козловская,['Самарские Рыси'],1,15,,2,1,3,,
Полина Козырева,"['Саус Вест', 'Шерлар']",2,32,3,10,4,5,1,
Екатерина Козюк,['Феникс'],1,71,9,19,10,11,6,9
Егор Колесников,['Вышка'],1,10,,2,1,2,,
Маргарита Колесникова,[],0,5,,,,,,
Ульяна Колинько,['Брайт Вейв'],1,5,,1,,1,,
Наталья Колоколенкина,['Сани'],1,15,,2,2,1,,
Виктория Коломыченко,[],0,,,,,,,
Александр Колосков,['Старт'],1,4,,3,1,,,
Клим Колыванов,['Томск Фрисби Крю'],1,4,,,,,,
Александр Комаров,['Биозон'],1,64,3,9,4,11,3,1
Арсений Комаров,['Дружина'],1,10,2,,,2,,
Валентина Комлева,['РэгДолл'],1,4,,,,1,,
Дмитрий Кондаков,"['Вышка', 'Ми энд Май Манки']",2,62,4,12,3,6,2,
Мария Кондакова,[],0,35,3,7,5,4,,
Рома Коннов,['СПбГПМУ'],1,12,,3,,,2,
Константин Копейка,['Жиголо'],1,55,6,25,16,5,2,
Андрей Коптев,[],0,1,,,,,,
Владимир Корнев,['Белки'],1,41,2,12,6,8,2,
Ирина Корнейчук,['Easy Frisbee Team'],1,8,,1,1,,,
Полина Корнилова,"['Гирс-Юнайтед', 'Сборная ВлГУ']",2,34,,5,1,4,1,
Светлана Корнилова,"['Вышка', 'Бриллианс']",2,44,2,11,3,7,,3
Александр Корнышев,['Старт'],1,11,,6,5,,1,
Андрей Коробков,[],0,3,,1,1,1,,
Дарья Коровина,['Сборная ВлГУ'],1,19,,,,3,,5
Аделина Королькова,"['Сборная России ЖД', 'МГТУ им. Баумана', 'Бриллианс']",3,48,3,17,8,6,2,1
Катерина Коротенко,"['Юнион', 'МПГУ']",2,14,,4,1,1,,
Сергей Корчагин,['Долгорукие'],1,35,6,7,2,6,3,
София Коско,"['Чили', 'СПбГУ']",2,11,2,2,1,1,,
Александр Костин,[],0,8,,,,,,
Ольга Костюкова,"['МГТУ им. Баумана', 'Бриллианс']",2,43,2,11,7,3,,4
Юлия Костюченко,"['Космик Гелз', 'ИТМО']",2,44,4,5,2,4,1,1
Егор Косячкин,['Позитрон'],1,1,,,,,,
Антон Котельников,['Флаундерс'],1,50,,5,3,1,4,
Александр Котин,['Овод'],1,38,2,10,7,,,2
Агнесса Котова,"['ИТМО', 'Космик Гелз']",2,21,2,2,1,5,,
Ольга Коченова,['Элвис Пресли'],1,180,22,103,62,11,23,
Даша Кочнева,['КАССΣОПΣЯ'],1,,,,,,,
Александр Кошара,"['Икс-Тайгерс', 'Грифоны']",2,6,2,,,2,,
Мария Кошманова,"['Шерлар', 'Саус Вест']",2,28,2,5,1,2,,
Максим Кравец,"['Скай Про', 'Тени']",2,30,3,6,4,2,,
Иван Кравченко,['Спэйс Джэм'],1,22,,7,3,3,,
Елена Крагель,['Феникс'],1,24,8,7,4,4,1,
Денис Краев,['Флаундерс'],1,21,,1,1,,1,
Вячеслав Крамков,"['Нижний Новгород', 'Вышка']",2,16,,2,1,1,,
Александр Красиков,['ЮПитер'],1,75,7,14,8,3,,
Алина Красникова,[],0,16,2,1,1,,,
Александра Красношеева,['Самарские Рыси'],1,16,,6,5,2,1,
Дмитрий Кривенков,"['Позитрон', 'ПандаБанда']",2,33,,5,3,1,,
Матвей Кругликов,['Ми энд Май Манки'],1,69,6,7,4,3,2,
Алексей Круглов,[],0,12,,1,,,,
Никита Круглов,['Стрижи'],1,8,,2,1,1,,
Владимир Круду,[],0,,,,,,,
Александра Кудимова,['Чили'],1,49,3,2,2,4,,
Александр Кудрявцев,['Биозон'],1,63,,3,1,7,1,
Андрей Кудрявцев,['Хаски'],1,6,,1,,1,,1
Никита Кудрявцев,['Спэйс Джэм'],1,20,2,4,3,4,,
Алексей Кудряшов,"['Новгородские медведи', 'НовГУ']",2,19,,7,2,,,
Ирина Кудухова,"['Лигры', 'Майс']",2,26,,5,2,3,,
Михаил Кузик,['Мэдкэпс'],1,28,2,4,2,,,
Александр Кузнецов,[],0,2,,,,,,
Алексей Кузнецов,['Спэйс Джэм'],1,68,5,15,6,5,3,
Владимир Кузнецов,[],0,50,,8,5,6,,
Вячеслав Кузнецов,"['TLT Ultimate', 'Хаски ГЛУ']",2,15,,1,,,,1
Евгений Кузнецов,['Катюша'],1,7,,2,1,,,
Михаил Кузнецов,"['Вышка', 'Юниорская сборная России ОД']",2,63,5,13,4,3,,
Александра Кузнецова,"['Лас Чикас', 'Банши']",2,10,,2,,,,
Ксения Кузнецова,['СорриБро'],1,33,,2,1,5,,
Джамиля Кукуева,"['Юнион', 'Саус Вест']",2,29,5,4,2,1,,
Юлия Кукушкина,['Рыбки'],1,1,,,,1,,
Ольга Кулагина,['Лемон Грасс'],1,14,,3,2,4,,
София Кулик,['Вышка'],1,10,,3,,1,,
Дмитрий Куликов,['Ми энд Май Манки'],1,95,3,10,6,6,,
Александра Куликова,[],0,42,,7,5,3,4,
Александр Кульчинский,"['МГТУ им. Баумана', 'Долгорукие']",2,57,2,8,4,3,,
Илья Кунаев,['АтомСвифт'],1,35,6,4,1,,2,
Александр Куницын,"['ПандаБанда', 'Ми энд Май Манки']",2,102,7,16,5,10,3,1
Артур Куприянов,['ИТМО'],1,2,,,,,,
Азамат Курбанбердыев,"['Сборная ВлГУ', 'Гирс-Юнайтед']",2,43,,4,1,5,,
Георгий Курбетьев,[],0,28,2,4,,3,,
Данил Кутов,['Долгорукие'],1,128,16,37,25,5,3,
Ольга Кухтина,[],0,3,,2,1,,,2
Александр Кухтинов,[],0,1,,,,,,
Никита Куцур,['Lynxes'],1,8,2,1,1,,,
Антон Кушнеревич,['ОксиДискО'],1,82,7,17,6,3,,
Илья Кытманов,"['Рампейдж', 'Долгорукие', 'МГТУ им. Баумана']",3,153,18,37,23,14,2,1
Дмитро Кіселик,['Вайлд Вест'],1,1,,,,,,
Александра Ларина,[],0,38,,,,,,38
Елена Латанова,['МГУ'],1,8,,1,,,,
Артём Лебедев,['Пионер'],1,4,,,,,,
Даниил Лебедев,['Самарские Рыси'],1,1,,,,1,,
Жека Лебедев,['Бивни'],1,134,17,15,5,15,3,18
Юрий Лебедев,[],0,55,,12,7,5,2,
Даша Лебедева,['Фоксес'],1,15,,,,3,2,
Дмитрий Левашов,['Старт'],1,13,,1,1,1,,
Александра Левен,['Саус Вест'],1,20,,2,2,3,,
Olga Levchenko,['Дикi Кралi'],1,14,7,1,,,,
Роман Ленин,['Магура'],1,31,2,13,8,2,,
Денис Леонов,"['Шерлар', 'ФинУниверситет']",2,24,,2,1,3,,
Елизавета Леонтьева,[],0,25,5,5,1,1,,
Дарья Лерман,['Сани'],1,6,,,,1,,
Юлия Летковская,"['Шестое Солнце', 'Зорачкi']",2,41,5,6,1,4,,
Vlad Lekhelt,['Флаинг Степс'],1,64,12,4,1,3,,
Сергей Лещинский,['ОксиДискО'],1,74,10,22,7,7,,
Nazar Leschuk,[],0,,,,,,,
Михаил Лизунов,['Шафл'],1,7,,,,1,,
Михаил Лимов,['Самарские Рыси'],1,39,2,10,7,7,,3
Роман Лисенков,['Феникс'],1,67,11,16,7,3,5,2
Евгений Литвин,['Рухавiк'],1,26,3,7,,4,,
Михаил Лобанов,['Сокол'],1,118,11,50,32,11,1,
Богдан Ловчук,['Импульс'],1,20,2,6,1,3,2,
Илья Ломоносов,"['Ми энд Май Манки', 'MIPT']",2,18,2,,,2,,1
Любовь Лопатина,['Элвис Пресли'],1,53,4,33,17,4,2,
Дмитрий Лосев,['ЮПитер'],1,89,5,18,8,5,,
Игорь Лукасевич,['E-Motion'],1,4,2,,,,,
Илья Лукин,['Вышка'],1,21,,3,1,3,,
Виктория Лукина,[],0,5,,,,,,
Игорь Лукьянов,['Флаундерс'],1,23,,2,1,1,,
Екатерина Луценко,"['Алтимат Альянс', 'Биозон', 'Сборная России МД']",3,64,5,8,4,10,,
Антон Любарский,"['Флаинг Степс', 'ОксиДискО', 'Скай Про']",3,92,9,15,7,10,,
Александра Лямина,"['Сборная ВлГУ', 'Гирс-Юнайтед']",2,32,,2,,3,2,
Анна Лямина,['Брайт Вейв'],1,25,,,,3,,
Дмитрий Магась,['МГУ'],1,7,,1,,1,,
Максим Магомедов,['Спинин'],1,6,2,1,1,,,
Константин Мазурин,"['СПбГУ', 'Тени']",2,63,6,8,3,7,1,
Ольга Мазурина,['Космик Гелз'],1,25,3,5,2,4,2,
Андрей Макаревич,['Норд Паззл'],1,5,,1,,1,,
Григорий Макаров,[],0,3,,,,,,
Дмитрий Макаров,['МГУ'],1,4,2,,,,,
Мэри Макарова,['Космик Гелз'],1,71,8,30,20,6,2,
Антон Макеенко,['Good Vibes'],1,16,3,3,2,1,,
Евгений Макин,['МГУ'],1,3,,2,1,,,
Евгений Макин,['МГУ'],1,17,,7,4,2,,
Глеб Максимов,"['СПбГУ', 'ЮПитер']",2,44,3,13,7,1,,
Анастасия Маликова,"['Вышка', 'Лемон Грасс', 'СорриБро']",3,65,9,23,9,4,,1
Илья Малинов,"['Нижний Новгород', 'НГТУ', 'РэгДолл']",3,84,4,16,5,5,2,
Денис Малков,['Шерлар'],1,6,,,,1,,
Степан Малькевич,['СПбГУ'],1,6,,1,1,2,,
Александр Малько,['Рухавiк'],1,38,3,6,2,3,,
Антон Мальков,"['Биозон', 'Бивни']",2,151,11,26,12,27,7,1
Илья Мальцев,['Фри Флай'],1,8,,2,,,1,
Мария Малюк,"['Фреза', 'Фингерс']",2,7,,,,1,,
Леонид Манатов,[],0,1,,,,,,
Мария Манушина,[],0,68,6,15,6,9,1,
Ирина Марамзина,['Космик Гелз'],1,57,6,12,4,8,,3
Николай Маринин,"['ЮПитер', 'Нижний Новгород']",2,128,6,32,14,5,1,
Юлия Мартынив,[],0,9,,,,2,,
Владимир Мархаюк,"['Нижний Новгород', 'РэгДолл']",2,6,,2,1,,,
Кирилл Масленников,"['ОксиДискО', 'Рокетс', 'Тени']",3,84,5,21,6,3,,
Михаил Маслов,[],0,12,,2,,,,
Ульяна Матвеева,[],0,36,,4,2,3,1,
Кирилл Матвиенко,[],0,1,,,,,,
Одик Махмудов,"['НовГУ', 'Новгородские медведи', 'АтомСвифт']",3,31,,7,1,,,3
Наталья Машьянова,['Космик Гелз'],1,96,18,50,32,12,2,
Вадим Медведев,"['Долгорукие', 'Бивни']",2,117,15,28,11,8,,
Роман Мелешко,[],0,4,2,,,1,,
Анастасия Мельник,[],0,8,2,4,,2,2,
Михаил Мельников,[],0,,,,,,,
Наталья Мельничук,['Феникс'],1,31,4,8,4,7,1,
Сергей Мельничук,['Феникс'],1,14,5,1,,2,,
Кирилл Метляев,[],0,99,4,25,12,5,3,
Денис Мигунов,"['РеалФайв', 'Мустанги']",2,171,12,59,30,11,,8
Юрий Мингалимов,"['ЮПитер', 'Тени', 'Аврора']",3,96,6,15,9,3,,
Ольга Минеева,['Банши'],1,54,3,22,11,8,,
Айгуль Миниахметова,[],0,1,,,,,,
Кузьма Минин,['Шафл'],1,16,,,,1,,
Клим Миняйчев,['Долгорукие'],1,47,5,6,3,2,,
Мария Мисюк,['Чили'],1,15,3,1,,1,,
Данил Михайлов,['Фри Флай'],1,7,,2,2,,,
Алина Михайлова,[],0,1,,,,,,1
Анастасия Михайловская,[],0,5,,1,1,1,,
Кирилл Михайлянц,[],0,32,,3,2,3,,
Максим Михальчик,[],0,25,2,7,1,,,
Дмитрий Мишин,['Нижний Новгород'],1,98,9,35,20,6,1,
Каролина Мкртчян,"['Спэйс Джэм', 'ВоГУ']",2,17,,,,3,,1
Алексей Моисеев,['Новгородские медведи'],1,3,,,,,,
Андрей Молибошко,['x3'],1,58,9,19,14,6,3,
Дмитрий Мордвинов,"['Флаинг Степс', 'LOL']",2,6,2,2,,,,
Артем Морозов,['Шерлар'],1,4,,,,1,,
Дмитрий Морозов,"['Вышка', 'Ми энд Май Манки']",2,8,,,,,,
Павел Морозов,['Рыбки'],1,4,,2,1,3,,1
Алёна Морозова,[],0,1,,,,,,
Аня Морозова,['Сани'],1,1,,,,,,
Олег Моуравов,['Овод'],1,1,,,,,,
Андрей Мочалин,[],0,5,,1,,1,,
Анатолий Мошков,"['Сани', 'Сочи']",2,54,,1,,1,1,1
Юля Мукина,"['Ре:Диски', 'Банши', 'Космик Гелз']",3,78,9,35,22,5,1,
Артем Муратов,['ИТМО'],1,35,2,7,3,5,,
Иван Мусатов,['Хаски ГЛУ'],1,4,,,,,,
Диана Мухаметгалина,['Бивни'],1,62,7,9,2,8,,5
Айк Мхитарян,"['ЮПитер', 'СПбПУ']",2,53,3,17,9,2,1,
Павел Мясников,['Сани'],1,11,,1,1,,,
Анастасия Мясникова,['Сани'],1,7,,,,,,
София Нагавкина,['ИТМО'],1,7,,2,1,1,,
Анатолий Назаров,['Сокол'],1,91,6,35,20,7,,
Анна Назарова,"['Pu’er tea’M', 'Бриллианс']",2,25,,2,,5,,1
Александр Наконечный,"['ЮПитер', 'СПбГУ']",2,22,2,7,4,2,,
Юлия Нанаева,"['Биозон', 'Вышка', 'Алтимат Альянс']",3,74,5,18,11,13,8,
Егор Наумов,"['Тени', 'M.U.C.']",2,157,21,37,18,5,5,
Александра Невзорова,[],0,1,,,,,,
Влад Недосеков,['Белки'],1,2,,,,,,
Роман Нестеров,"['Вышка', 'Сокол']",2,77,4,15,4,11,,
Гена Никитенко,[],0,1,,,,,,
Руслан Никитченко,['Рампейдж'],1,44,2,7,3,5,,
Тимофей Николаев,['АтомСвифт'],1,5,,,,,,
Екатерина Николаева,['Рыбки'],1,1,,,,1,,
Евгений Никольский,['Днепр'],1,16,,,,,,2
Анастасия Никоненко,"['Вышка', 'СорриБро', 'Бриллианс']",3,85,9,23,8,11,4,
Наталья Никулина,['Сани'],1,17,2,1,,1,,
Кирилл Новиков,['Вайлд Вест'],1,8,2,,,,,
Виктория Новикова,['Бивни'],1,10,,,,1,,
Кристина Новоторова,['Т.А.К.'],1,19,,1,1,,,
Владимир Носов,[],0,,,,,,,
Леночка Обрайен,"['Бивни', 'Бивни']",2,107,11,20,7,12,2,
Ирина Овсянникова,['Pu’er tea’M'],1,15,,2,1,5,,
Евгения Овсянова,['Дружина'],1,50,,7,2,10,,
Ольга Овсянова,['Дружина'],1,56,,10,5,10,2,
Елена Одинцова,[],0,34,2,8,3,4,,
Павел Окороков,"['МГТУ им. Баумана', 'Мустанги', 'РеалФайв']",3,61,3,20,9,2,,8
Никита Онищенко,[],0,3,,,,,,
Елена Онуфриюк,['Феникс'],1,46,9,17,10,5,3,
Влада Орел,['Gamble'],1,30,6,7,2,3,1,
Антон Орехов,['Флаундерс'],1,20,2,5,3,,,
Данила Орленко,"['Тени', 'ЮПитер']",2,39,4,7,3,2,,
Константин Орлов,['Старт'],1,20,2,7,7,3,1,
Даниил Осовский,['Спэйс Джэм'],1,16,,4,3,2,,
Максим Осовской,[],0,1,,,,,,
Кирилл Остапенко,"['МГУ', 'Pu’er tea’M', 'РеалФайв']",3,55,8,18,8,7,,
Владлена Павлищева,['Лемон Грасс'],1,114,9,18,8,10,1,
Илья Павлюченко,[],0,,,,,,,
Иннуш Павлюченко,"['Саус Вест', 'Юниорская сборная России ЖД', 'Сборная России МД']",3,56,7,21,10,5,2,
Дмитрий Панов,[],0,2,,,,,,
Светик Пантелеева,"['Саус Вест', 'МГУ']",2,63,7,16,10,9,1,
Андрей Паротькин,['Долгорукие'],1,100,8,22,12,10,2,
Светлана Паскевич,"['Алтимат Альянс', 'Лас Чикас', 'Биозон']",3,151,8,35,16,27,,7
Ирина Патрушева,"['Вышка', 'СорриБро', 'Бриллианс']",3,73,3,15,9,6,3,
Дарья Пацукова,"['МГТУ им. Баумана', 'Майс']",2,70,2,9,5,5,2,
Вероника Пейсахович,['Элвис Пресли'],1,62,4,37,23,3,,
Сергей Перепелкин,['Юнион'],1,12,,1,1,,,
Валерия Першина,['Саус Вест'],1,42,2,10,5,3,2,
Анастасия Пестова,"['Вышка', 'СорриБро']",2,90,6,25,9,11,2,
Данила Петров,['ОксиДискО'],1,61,6,25,9,12,1,
Дмитрий Петров,['Тени'],1,64,7,15,8,3,1,
Илларион Петров,['Рампейдж'],1,85,3,18,7,8,2,
Nikita Petrushin,"['Спэйс Джэм', 'ЮПитер']",2,60,3,16,9,7,2,
Мария Петухова,"['ПандаБанда', 'Алтимат Альянс']",2,84,4,15,7,13,7,1
Максим Платов,['Сани'],1,13,,,,,,
Владимир Плигос,"['Нижний Новгород', 'НГТУ', 'Авангард']",3,82,5,25,9,10,2,1
Никита Подгорный,['Стрижи'],1,29,,9,3,5,,
Владислав Поддубный,[],0,1,,1,1,,,
Иван Поддубный,['Фри Флай'],1,29,,12,8,2,,
Ульяна Подольская,['Элвис Пресли'],1,20,3,5,1,2,1,
Глеб Подорожный,['Сокол'],1,35,2,3,1,3,,
Антон Позинский,"['Флаинг Степс', 'Сборная России Мастерс']",2,69,6,10,5,3,,
Даниэль Ползик,"['ИТМО', 'ФТШ']",2,5,,1,1,,,
Александра Полозенко,"['ИТМО', 'Космик Гелз']",2,15,,6,1,3,,
Павел Полунин,['Рампейдж'],1,42,3,3,,7,,
Маргарита Полянская,"['Биозон', 'Смельчаки']",2,24,,4,2,4,,
Александр Пономарев,['Самарские Рыси'],1,2,,1,1,1,,
Влад Попов,['Уфимский Фрисби Клуб'],1,25,,1,,2,,
Юрий Попов,['Самарские Рыси'],1,9,,,,,,2
Николай Порватов,['Фря Крю'],1,62,,3,3,4,,2
Павел Порошин,['Шерлар'],1,10,,1,1,2,1,
Киря Посохов,['Старт'],1,5,,,,,,
Дарья Поспелова,['Вышка'],1,47,,9,3,4,,
Денис Постыка,['Шерлар'],1,1,,,,,,
Андрей Пржибельский,"['СПбГУ', 'ЮПитер']",2,19,,3,3,1,,
Елена Привалова,['Белки'],1,23,,4,1,4,,
Михаил Пригара,"['Белки', 'Рампейдж']",2,10,,5,3,1,,
Илья Приймак,['Лигры'],1,6,,1,1,,,1
Ольга Прилуцкая,['ИТМО'],1,4,,,,,,
Станислав Прилучный,[],0,26,,7,3,,,
Мария Прокофьева,['СПбГУКИ'],1,21,,6,1,,,
Андрей Пронин,[],0,14,,1,1,1,,
Никита Проскуряков,['Ми энд Май Манки'],1,91,13,26,12,7,1,
Анна Прядун,['МГТУ им. Баумана'],1,11,,3,1,,,
Елизавета Пудло,[],0,8,,1,,1,,1
Иван Пупин,['Сборная ВлГУ'],1,43,4,1,,5,,2
Александра Пустовая,['Космик Гелз'],1,175,20,115,77,17,4,
Анна Пустовая,['Космик Гелз'],1,173,20,106,65,21,5,
Роман Пушкарев,[],0,1,,,,,,
Владимир Пхакадзе,[],0,,,,,,,
Сергей Райнис,['Террикон'],1,9,2,2,1,2,1,
Федор Ратников,['Lynxes'],1,17,2,2,1,3,4,7
Иван Резник,"['Тени', 'Юниорская сборная России ОД']",2,41,7,9,6,2,1,
Анастасия Ремизова,['Саус Вест'],1,19,2,4,3,2,,
Мария Рештук,['Брайт Вейв'],1,4,,1,,1,,
Илья Ровда,['Новгородские медведи'],1,130,14,24,7,2,1,7
Мария Ровда,['Молодые'],1,30,3,8,3,4,,
Юрий Ровда,"['Флаинг Степс', 'Новгородские медведи']",2,218,19,31,12,6,1,18
Вероника Ровкина,['СПбГПМУ'],1,11,,2,,,,
Евгений Рогов,[],0,15,,,,2,,
Даниил Рогожкин,['Сборная ВлГУ'],1,1,,,,,,
Ульяна Рогожникова,"['Фингерс', 'Катюша']",2,15,,1,,4,,
Илья Родин,['Норд Паззл'],1,18,,4,3,2,1,
Гриша Рожков,[],0,,,,,,,
Дмитрий Рожков,['Пауки'],1,1,,,,,1,
Артём Розов,['Т.А.К.'],1,14,,2,2,1,,8
Алексей Романов,['Easy Frisbee Team'],1,5,,3,1,1,,
Сергей Романов,['Магура'],1,76,5,23,15,4,8,
Ольга Романова,['Космик Гелз'],1,68,9,33,18,15,,
Анна Романовская,['Шестое Солнце'],1,12,6,1,,2,,
Наталья Романчева,['Вышка'],1,21,2,6,3,4,1,
Марина Ромашкина,['Брайт Вейв'],1,27,,1,,5,,
Михаил Ростовцев,"['Новгородские медведи', 'НовГУ']",2,10,,3,,,,1
Александр Рудометкин,['Лаки Грасс'],1,75,13,26,12,7,3,
Всеволод Русинский,"['Питер Старс', 'Тени']",2,30,2,6,2,1,,2
Кирилл Руссу,['НГТУ'],1,6,,,,,,
Сергей Рыбак,[],0,13,2,3,,,,2
Андрей Рыбалко,[],0,35,2,7,4,3,,1
Максим Рыбин,['Шерлар'],1,7,,1,1,,,
Полина Рылькова,[],0,9,2,,,1,,
Александр Рябов,[],0,,,,,,,
Григорий Рязанцев,[],0,26,5,5,1,1,,
Василь Різник,['Импульс'],1,,,,,,,
Иван Савельев,[],0,9,2,2,,2,,
Юрий Савельев,['Самарские Рыси'],1,19,,3,2,4,1,2
Петя Савенков,['КАССΣОПΣЯ'],1,1,,,,,,
Александр Садовников,['Калуга'],1,17,,1,,2,,
Андрей Самаров,['FireDogs'],1,9,,3,,3,,
Татьяна Самарцева,"['Лемон Грасс', 'Фреш']",2,66,6,18,10,9,,
Дмитрий Самборский,['Фреза'],1,5,,2,,1,,
Даниил Самойлов,['ИТМО'],1,,,,,,,
Евгений Самотошин,"['Флаинг Степс', 'ИТМО', 'Самарские Рыси']",3,24,,2,1,2,,
Алексей Самсонов,"['Спорт і', 'Odessa Ultimate']",2,21,,2,1,1,,
Дамдин Сандаков,[],0,,,,,,,
Мария Сафонова,['Брайт Вейв'],1,38,2,,,1,,
Карина Свидерская,"['МГТУ им. Баумана', 'Лемон Грасс', 'Вышка']",3,81,5,22,11,10,1,
Даниил Свиридов,['Сокол'],1,38,2,11,5,2,1,
Екатерина Севостьянихина,['Банши'],1,20,,2,2,3,,
Александр Севрюгин,['Вышка'],1,16,,3,3,1,,
Сергей Севцов,[],0,70,10,11,3,4,3,3
Юрий Седов,['Флаинг Степс'],1,117,12,15,4,4,,
Екатерина Селезнева,"['Лемон Грасс', 'Майс', 'Sirocco Ultimate']",3,81,11,8,2,9,,
Илья Селивёрстов,['TLT Ultimate'],1,2,,,,,,
Александр Сергеев,"['Флаинг Степс', 'ОксиДискО', 'Тени']",3,93,8,16,5,9,,
Денис Сергеев,[],0,1,,,,,,
Яна Сергеева (Ананич),['Космик Гелз'],1,42,7,25,15,4,,
Анастасия Сергеева,['Сани'],1,8,,2,1,,,
Артём Сергейчик,[],0,56,6,6,2,2,1,1
Анна Серебрякова,"['Миднайт Кобрас', 'Бриллианс']",2,50,2,13,6,7,,2
Дмитрий Сероштан,['Икс-Тайгерс'],1,6,3,,,1,,
Софья Сидорова,['Вышка'],1,50,,12,3,4,,
Марина Сидунова,"['Юнион', 'МГТУ им. Баумана']",2,66,,13,7,8,,8
Ольга Сикорская,"['Пионер', 'Космик Гелз']",2,5,,1,,1,,
Семён Силаев,[],0,4,,,,,,
Илья Силенков,['Сани'],1,30,,3,2,2,,
Ася Силуянова,"['Банши', 'Лас Чикас']",2,36,,6,2,4,,
Сабина Сильчонок,"['Элвис Пресли', 'СПбПУ']",2,93,11,43,26,10,5,5
Мария Синяева,['Чили'],1,13,3,1,1,2,,
Іван Синяк,[],0,4,,1,1,,,
Виктория Сирик,"['Скай Про', 'Чили']",2,24,,1,,2,,2
Ульяна Сиротина,[],0,24,6,1,,4,,
Иван Ситнянский,[],0,11,,3,1,,,
Андрей Скалецкий,[],0,3,,,,,,
Алексей Скворцов,['Смельчаки'],1,9,,,,,,
Валерия Скрипак (Коннова),"['Бивни', 'МГТУ им. Баумана', 'Эрхарт']",3,51,5,9,4,7,,
Илья Скрябин,['Овод'],1,21,2,7,6,2,1,
Александр Слепухин,['Баффало'],1,22,5,2,1,1,,
Андрей Смельчаков,"['Биозон', 'Смельчаки', 'Долгорукие']",3,128,,21,11,17,,4
Александр Смирнов,['Шерлар'],1,3,,,,,,1
Алексей Смирнов,[],0,4,,,,,,2
Антон Смирнов,['Сани'],1,48,,1,,1,,
Евгений Смирнов,"['ГУ «Дубна»', 'Позитрон']",2,28,,2,1,1,1,
Никита Смирнов,"['ИТМО', 'ЮПитер']",2,41,2,7,3,2,,1
Николай Смирнов,['ЮПитер'],1,106,11,19,11,1,,
Евгений Соболев,"['FireDogs', 'Простоквашино', 'Бивни']",3,33,3,9,2,6,1,
Дмитрий Соколов,['Старт'],1,3,,,,,,
Евгений Соколов,['Новгородские медведи'],1,47,2,5,3,1,,4
Фёдор Соколов,['Спинин'],1,42,5,6,3,2,1,
Ксения Соколова,[],0,2,,,,1,,
Кеша Соловаров,['Easy Frisbee Team'],1,4,,1,,,,
Алексей Соловьев,['Йошкин кэтс'],1,27,2,1,1,4,,
Данил Соловьев,['Старт'],1,10,,1,1,1,,
Илья Соловьев,['Старт'],1,10,,,,1,,
Александр Соловьёв,[],0,,,,,,,
Алексей Соловьёв,[],0,3,,,,1,,
Екатерина Солодовникова,"['Бивни', 'Бивни', 'Бриллианс']",3,62,11,10,3,7,,
Александра Солоненко,['Sirocco Ultimate'],1,17,4,3,,1,,
Андрей Сопрунов,['Сокол'],1,67,7,19,11,5,5,
Настя Сорвачева,['Сани'],1,17,,1,,1,,
Светлана Сорокина,"['Биозон', 'Алтимат Альянс', 'Лас Чикас']",3,140,11,30,19,23,7,11
Евгения Сороковикова,"['Бриллианс', 'Лузерс']",2,42,7,7,1,8,,
Юрий Споденюк,[],0,21,4,5,1,1,3,1
Владимир Старицын,['Катюша'],1,6,,2,1,,,
Дмитрий Стародубов,[],0,2,,,,,,
Валерия Старостина,[],0,4,,1,,1,,
Вероника Стахова,"['Космик Гелз', 'Миднайт Кобрас']",2,47,6,18,7,5,2,
Tatiana St,[],0,16,6,2,,3,,
Екатерина Степанова,[],0,22,,2,1,,,
Сергей Стерлигов,['Майс'],1,31,,4,1,4,,
Лев Столпнер,['Тени'],1,2,,,,,,
Екатерина Стоякина,"['Лигры', 'Белки']",2,21,,2,1,1,,
Дмитрий Стрельчин,['Нова'],1,118,12,49,32,19,3,19
Алексей Стригин,['Сокол'],1,7,,2,1,,,
Элиза Строганова,['Брайт Вейв'],1,6,,,,1,,
Никита Студилов,['ЮПитер'],1,73,9,13,5,2,1,
Анна Стукалина,"['Саус Вест', 'Юниорская сборная России ЖД', 'Сборная России ЖД']",3,84,13,24,14,11,2,
Алексей Стысин,['Рампейдж'],1,11,,1,1,1,,
Антон Стычневский,[],0,24,2,5,3,3,1,
Фаик Сулейманов,"['Гирс-Юнайтед', 'Сборная ВлГУ']",2,43,,5,2,3,1,2
Алексей Сулимов,['Долгорукие'],1,129,17,40,22,6,,
Никита Суриков,['Вышка'],1,66,3,9,1,1,,
Кира Сурикова,"['Вышка', 'СорриБро', 'Бриллианс']",3,43,2,14,6,5,,1
Алексей Сурков,['Сборная ВлГУ'],1,11,,1,,1,,
Анастасия Сухачёва,['Брайт Вейв'],1,11,,,,,,
Александра Сучкова,['СПбГПМУ'],1,7,,,,1,,
Максим Сыроваткин,['Гринс'],1,21,3,1,,1,,
Анастасия Сыроежкина,['Шерлар'],1,3,,,,,,
Виталий Сытин,['Новгородские медведи'],1,83,5,16,7,2,1,
Настя Сычева,[],0,4,,,,1,,
Ринат Тагаев,[],0,7,,,,,,1
Денис Тайлаков,['Жара'],1,35,3,4,3,3,,5
Арсений Таликов,[],0,6,,,,,,
Александр Талипов,['Фреза'],1,40,,12,6,4,1,
Кирилл Танаков,['Хаски'],1,,,,,,,
Елена Танцева,"['Брайт Вейв', 'РГГУ']",2,16,,1,,,,
Роман Тараканов,['НГТУ'],1,3,,,,,,
Юрий Таран,"['Лигры', 'Белки']",2,17,,2,,1,,1
Вячеслав Таранец,['Лигры'],1,1,,,,,,
Алексей Тарасенко,[],0,55,12,6,3,4,1,
Елена Тарасова,"['Московские Фламингос', 'Вышка']",2,8,,2,1,1,1,
Даниил Татаренков,['ИТМО'],1,11,,1,1,,,
Екатерина Татаринова,['Бриллианс'],1,58,5,15,4,5,,
Анна Татищева,['Космик Гелз'],1,88,10,30,14,12,1,
Артём Теплов,['Питер Старс'],1,7,,2,,,,1
Антон Терехов,"['ОксиДискО', 'СПбГУ']",2,59,2,6,5,5,,
Алиса Тизик,"['Вышка', 'Лемон Грасс', 'Сборная России ЖД']",3,105,19,33,19,18,9,
Дмитрий Тимошенков,['ПандаБанда'],1,58,2,7,2,7,,
Алексей Титов,['Смельчаки'],1,3,,1,,,,
Артём Тишин,[],0,25,,10,5,4,3,
Максим Ткачук,[],0,2,,1,1,,,
Александр Толоченко,"['Бивни', 'Лаки Грасс', 'Сокол']",3,80,10,13,7,14,,
Пётр Томников,"['Фря Крю', 'Лаки Грасс', 'Рампейдж']",3,64,8,16,11,6,2,1
Ульяна Топоркова,['Банши'],1,56,4,21,12,3,2,1
Ксения Торганова,"['Саус Вест', 'Элвис Пресли', 'Чили']",3,18,2,5,1,1,,
Надежда Торосян,"['МГТУ им. Баумана', 'СорриБро', 'Бриллианс']",3,74,2,19,11,12,,
Константин Трофимов,['Самарские Рыси'],1,16,,3,2,1,,1
Максим Трофимов,[],0,6,,1,,,,
Екатерина Трояновская,['Easy Frisbee Team'],1,14,,4,2,5,1,
Анна Тубольцева,['Брайт Вейв'],1,11,,,,,,
Дмитрий Туманов,['Рыбки'],1,10,,3,2,2,,4
Леонид Туманов,['ЮПитер'],1,147,8,29,16,7,2,16
Антон Туманцев,['Фри Флай'],1,6,,3,1,,,
Андрей Турайкин,['Калуга'],1,8,,1,,1,,
Рустам Турдибаев,[],0,,,,,,,
Кирилл Туркин,['Овод'],1,5,,,,,1,
Руслан Турсунбаев,"['Лаки Грасс', 'МГТУ им. Баумана', 'Рампейдж']",3,128,5,47,29,14,7,1
Рохини Тханга,[],0,1,,,,,,
Сергей Тыньянов,"['ИТМО', 'ОксиДискО']",2,14,,4,3,2,,
Павел Тюлькин,[],0,95,8,19,10,5,,
Кирилл Тюрин,['СПбГУ'],1,12,,2,2,,,
Кирилл Удалов,['Юнион'],1,14,,,,1,,
София Ульянкина,[],0,15,,2,1,,,
Иван Ульянов,"['Фря Крю', 'Лаки Грасс', 'Рампейдж']",3,53,4,3,1,8,,2
Anastasia Usatenko,['Дикi Кралi'],1,8,3,2,1,1,,
Павел Усачев,['СПбГУ'],1,37,,9,4,4,,
Дарья Усачева,"['Lightning Fast', 'Шерлар']",2,27,3,4,2,4,,
Алишер Усманов,[],0,14,,1,,,,
Юлия Усынина,[],0,10,,1,,,,
Милана Ухтинская,"['Гирс-Юнайтед', 'Сборная ВлГУ']",2,59,,7,3,6,3,
Валерий Ушаков,"['ИТМО', 'Тени']",2,22,,5,1,3,,1
Варвара Ушакова,['Вышка'],1,2,,,,,,
Дмитро Федерлян,['E-Motion'],1,13,2,,,2,,1
Роман Федоров,"['ОксиДискО', 'МГУ', 'Миднайт Кобрас']",3,104,9,37,18,9,,
Дарья Федорович,[],0,14,2,,,,,
Валерий Федотовских,"['Лаки Грасс', 'Фреза']",2,98,8,19,10,12,1,
Ярослав Федулов,['ПандаБанда'],1,21,,1,,2,,
Филипп Федяков,"['МГТУ им. Баумана', 'Ми энд Май Манки']",2,46,2,9,6,,,2
Христина Фенюк,['Фоксес'],1,9,,,,2,,
Вероника Фетисова,"['Лемон Грасс', 'Майс']",2,37,4,2,1,5,,
Кира Фетисова,[],0,4,,,,1,,
Aidas Figoras,['Marių Meškos'],1,75,5,22,14,15,11,
Елена Филоненко (Дамирчан),"['Колибри', 'Догма', 'Чили']",3,51,11,19,9,3,,
Елена Фирганг,[],0,14,,3,2,2,,
Евгений Фокин,['Сокол'],1,39,7,3,2,6,,
Александр Фомин,"['Лемон Грасс', 'Сборная России ОД', 'Сборная России ЖД']",3,124,14,37,17,12,,
Петр Фомин,[],0,6,,,,,,
Мария Фомина,[],0,2,,,,,,
Александр Фомичёв,['Биозон'],1,52,3,2,,10,,
Константин Францкевич,[],0,3,,,,,,
Роман Фридлендер,['Ми энд Май Манки'],1,77,2,17,5,2,,
Георгий Фёдоров,['ЮПитер'],1,55,12,25,19,6,1,5
Виталий Хабаров,['К175'],1,21,,7,4,1,2,
Лилия Хайруллина,"['МГТУ им. Баумана', 'Бриллианс', 'СорриБро']",3,41,5,17,13,6,,
Мария Халидова,['СПбГУ'],1,22,,7,4,3,1,
Анна Хватова,[],0,3,,,,,,
Борис Хилько,['Вышка'],1,101,6,24,7,7,1,4
Валентин Хилько,['Вышка'],1,38,,5,2,1,,2
Никита Ходеев,[],0,1,,,,1,,
Евгений Хомутский,['Лигры'],1,28,,1,,4,,2
Константин Хомяков,[],0,2,,1,,,,
Александра Хрущ,"['Юнион', 'Лемон Грасс']",2,64,,6,4,7,2,
Михаил Худобин,['РеалФайв'],1,109,16,60,41,11,6,
Рустам Хусяинов,"['Майс', 'Ми энд Май Манки']",2,84,2,2,,5,,7
Алексей Цагареишвили,"['Сборная ВлГУ', 'Гирс-Юнайтед']",2,10,,1,,1,,
Родион Цаплин,['ПандаБанда'],1,91,5,9,1,11,,
Сергей Цветаев,['Lightning Fast'],1,1,,,,,,
Екатерина Цветкова,[],0,2,,,,,,
Игорь Циглер,['Озон'],1,16,,2,,2,,
Максим Цёсь,['Феникс'],1,73,10,16,3,13,1,
Артурас Чадас,"['Долгорукие', 'Taskas', 'x3']",3,74,15,27,17,1,2,8
Никита Чадромцев,[],0,31,3,2,1,2,2,
Евгений Чаев,['Вышка'],1,7,,1,1,,,
Даниил Чепенко,"['Долгорукие', 'Рампейдж', 'МГТУ им. Баумана']",3,86,12,19,11,5,1,
Роман Чепенко,['МГТУ им. Баумана'],1,5,,2,1,,,
Сергей Чепрасов,['ФинУниверситет'],1,11,,,,,,
Алина Черемина,['Саус Вест'],1,10,4,,,2,,
Иван Черепанов,['Катюша'],1,35,,7,3,2,,
Дарья Черепенникова,"['Лемон Грасс', 'Фреш']",2,29,5,7,3,3,,
Андрей Черкасов,['Lightning Fast'],1,1,,1,,,,
Илья Черкасов,"['ИТМО', 'ОксиДискО']",2,19,2,3,,1,,
Ольга Черноярова,"['Бриллианс', 'МПГУ']",2,42,2,8,2,7,1,
Татьяна Черных,['СПбГПМУ'],1,7,,2,,,,
Дарья Черёмина,['Вышка'],1,12,2,1,,,,
Константин Чикишев,['ИТМО'],1,7,,1,,1,,
Дмитрий Чинарёв,['Сокол'],1,32,5,8,8,4,,
Владислава Чувак,[],0,12,,,,1,,
Лиcа Чуль,"['Скай Про', 'Чили', 'Космик Гелз']",3,40,6,10,4,7,,5
Артемий Чураков,"['Тени', 'СПбПУ']",2,127,12,34,17,1,2,
Иван Чураков,[],0,13,,1,,1,,
Ксения Шабанова,[],0,3,,,,,,
Физалина Шаймурзина,['FireDogs'],1,9,,2,,2,,
Артём Шаляпин,['МГТУ им. Баумана'],1,19,2,4,2,1,,
Алмаз Шарафетдинов,['Уфимский Фрисби Клуб'],1,5,,,,,,
Валерий Шатилов,"['ЮПитер', 'Белки']",2,19,3,6,3,1,1,
Артем Шахпаронов,"['Ми энд Май Манки', 'Майс', 'Сенатор']",3,94,6,13,1,8,3,
Ксения Шевнина,"['Лемон Грасс', 'Фреш', 'Сборная России ЖД']",3,86,15,18,6,14,,
Ксения Шейкина,"['СПбГПМУ', 'Элвис Пресли']",2,37,8,18,11,2,3,
Михаил Шембаков,['Озон'],1,6,,,,1,,
Фёдор Шеметьев,[],0,9,,1,1,,,
Александр Шемяков,['Биозон'],1,17,,4,2,3,,
Марина Шепелева,"['Шерлар', 'Бриллианс']",2,11,2,,,,,
Андрей Шеремета,['Импульс'],1,9,3,2,,1,,
Никита Шестаков,['Магура'],1,2,,2,2,,,
Александр Шибакин,['Мустанги'],1,27,,7,3,2,1,
Артем Шиманов,['Мустанги'],1,4,2,2,2,,,
Егор Шипилов,['Шерлар'],1,7,,,,1,,
shiparian:),[],0,,,,,,,
Дмитрий Широков,[],0,1,,1,,,,
Юрий Шишка,[],0,54,5,15,9,,2,
Лидия Шишкина,['Easy Frisbee Team'],1,10,,1,,,,
Алексей Шишков,['Самарские Рыси'],1,18,,7,5,2,,
Всеволод Шишков,[],0,3,,,,,,
Степан Шлыков,['Катюша'],1,31,,14,10,2,,
Женя Шмаков,['Шерлар'],1,12,,1,,2,,
Виталий Шмелькин,['Долгорукие'],1,21,5,7,3,,,
Даня Шоломов,['ИТМО'],1,5,,,,,,
Vladimir Shpigun,[],0,2,,,,,,
Илья Шубин,[],0,14,2,,,,,1
Алина Щеглова,['Сборная Бикини-Боттом'],1,15,,4,1,1,1,
Фёдор Щепкин,['Easy Frisbee Team'],1,6,,3,,1,2,
Игорь Щербак,['Анклав'],1,17,3,2,,1,,
Полина Щербакова,['Lightning Fast'],1,15,,4,3,2,,
Александр Щукин,['МГУ'],1,5,,,,,,
Антон Щукин,['Скай Про'],1,37,4,1,1,3,,
Серёжа Щукин,['Вышка'],1,10,,1,,2,,
Алексей Эйдлин,"['Шерлар', 'РеалФайв', 'ФинУниверситет']",3,35,3,7,1,4,1,
Андрей Энкин,"['Шерлар', 'РеалФайв']",2,27,,2,,5,1,
Владимир Юдаков,[],0,20,,4,1,3,,1
Андрей Юденков,"['Белки', 'ПандаБанда']",2,16,2,1,1,4,,
Евгений Юрченко,['Фри Флай'],1,22,,10,4,2,,
Айгуль Язкулиева,['Сборная ВлГУ'],1,8,,1,,2,,
Кирилл Якименков,['МГУ'],1,35,3,7,3,3,,
Елена Яковлева,['Т.А.К.'],1,1,,1,1,,,
Артём Якубович,['Рухавiк'],1,13,3,3,1,,,
Дмитрий Якунин,['Сборная ВлГУ'],1,46,,1,,3,,
Алена Якунина,[],0,19,,2,1,,1,
Таисия Якунина,[],0,,,,,,,
Екатерина Якушева,"['МГУ', 'Лемон Грасс']",2,58,4,10,5,10,1,1
Искандер Ямбулатов,"['Вышка', 'Сокол']",2,27,2,5,2,1,,
Татьяна Яркина,"['ИТМО', 'Космик Гелз']",2,12,,4,1,3,,
Александр Ярошевич,[],0,19,3,4,2,,,
Ксения Ясалова,"['Саус Вест', 'Юниорская сборная России ЖД', 'Сборная России ЖД']",3,85,12,34,15,7,1,
Варвара Яценко,['Шерлар'],1,4,,,,,,1
Иван Яшкин,"['Freedom', 'Стрижи', 'Челябинск']",3,24,,6,2,3,,
Руслан спирин,[],0,3,,2,1,,,
